OBJECTID,Sheet_no,scan_exist,Scan_avail_yes,Scan_avail_no,Scanned_map,SHAPE
1,H-36-107,Yes,"<br><br><font size=""+2""><b>SCANNED</b></font> copy of map",,http://maps.vlasenko.net/smtm100/h-36-107.jpg,"{'rings': [[[3896195.7665696, 3375661.57174399], [3896195.7665696, 3418138.09726169], [3951855.51196624, 3418138.09726169], [3951855.51196624, 3375661.57174399], [3896195.7665696, 3375661.57174399]]], 'spatialReference': {'wkid': 102100, 'latestWkid': 3857}}"
2,H-36-108,Yes,"<br><br><font size=""+2""><b>SCANNED</b></font> copy of map",,http://maps.vlasenko.net/smtm100/h-36-108.jpg,"{'rings': [[[3951855.51196624, 3375661.57174399], [3951855.51196624, 3418138.09726169], [4007515.25736288, 3418138.09726169], [4007515.25736288, 3375661.57174399], [3951855.51196624, 3375661.57174399]]], 'spatialReference': {'wkid': 102100, 'latestWkid': 3857}}"
3,H-37-97,Yes,"<br><br><font size=""+2""><b>SCANNED</b></font> copy of map",,http://maps.vlasenko.net/smtm100/h-37-097.jpg,"{'rings': [[[4007515.25736288, 3375661.57174399], [4007515.25736288, 3418138.09726169], [4063175.00275951, 3418138.09726169], [4063175.00275951, 3375661.57174399], [4007515.25736288, 3375661.57174399]]], 'spatialReference': {'wkid': 102100, 'latestWkid': 3857}}"
4,H-36-94,Yes,"<br><br><font size=""+2""><b>SCANNED</b></font> copy of map",,http://maps.vlasenko.net/smtm100/h-36-094.jpg,"{'rings': [[[3840536.02117297, 3418138.09726169], [3840536.02117297, 3460777.11550363], [3896195.7665696, 3460777.11550363], [3896195.7665696, 3418138.09726169], [3840536.02117297, 3418138.09726169]]], 'spatialReference': {'wkid': 102100, 'latestWkid': 3857}}"
5,H-36-95,Yes,"<br><br><font size=""+2""><b>SCANNED</b></font> copy of map",,http://maps.vlasenko.net/smtm100/h-36-095.jpg,"{'rings': [[[3896195.7665696, 3418138.09726169], [3896195.7665696, 3460777.11550363], [3951855.51196624, 3460777.11550363], [3951855.51196624, 3418138.09726169], [3896195.7665696, 3418138.09726169]]], 'spatialReference': {'wkid': 102100, 'latestWkid': 3857}}"
6,H-36-96,Yes,"<br><br><font size=""+2""><b>SCANNED</b></font> copy of map",,http://maps.vlasenko.net/smtm100/h-36-096.jpg,"{'rings': [[[3951855.51196624, 3418138.09726169], [3951855.51196624, 3460777.11550363], [4007515.25736288, 3460777.11550363], [4007515.25736288, 3418138.09726169], [3951855.51196624, 3418138.09726169]]], 'spatialReference': {'wkid': 102100, 'latestWkid': 3857}}"
7,H-37-85,Yes,"<br><br><font size=""+2""><b>SCANNED</b></font> copy of map",,http://maps.vlasenko.net/smtm100/h-37-085.jpg,"{'rings': [[[4007515.25736288, 3418138.09726169], [4007515.25736288, 3460777.11550363], [4063175.00275951, 3460777.11550363], [4063175.00275951, 3418138.09726169], [4007515.25736288, 3418138.09726169]]], 'spatialReference': {'wkid': 102100, 'latestWkid': 3857}}"
8,H-37-86,Yes,"<br><br><font size=""+2""><b>SCANNED</b></font> copy of map",,http://maps.vlasenko.net/smtm100/h-37-086.jpg,"{'rings': [[[4063175.00275951, 3418138.09726169], [4063175.00275951, 3460777.11550363], [4118834.74815615, 3460777.11550363], [4118834.74815615, 3418138.09726169], [4063175.00275951, 3418138.09726169]]], 'spatialReference': {'wkid': 102100, 'latestWkid': 3857}}"
9,H-36-83,Yes,"<br><br><font size=""+2""><b>SCANNED</b></font> copy of map",,http://maps.vlasenko.net/smtm100/h-36-083.jpg,"{'rings': [[[3896195.7665696, 3460777.11550363], [3896195.7665696, 3503565.53451451], [3951855.51196624, 3503565.53451451], [3951855.51196624, 3460777.11550363], [3896195.7665696, 3460777.11550363]]], 'spatialReference': {'wkid': 102100, 'latestWkid': 3857}}"
10,H-36-84,Yes,"<br><br><font size=""+2""><b>SCANNED</b></font> copy of map",,http://maps.vlasenko.net/smtm100/h-36-084.jpg,"{'rings': [[[3951855.51196624, 3460777.11550363], [3951855.51196624, 3503565.53451451], [4007515.25736288, 3503565.53451451], [4007515.25736288, 3460777.11550363], [3951855.51196624, 3460777.11550363]]], 'spatialReference': {'wkid': 102100, 'latestWkid': 3857}}"
11,H-37-73,Yes,"<br><br><font size=""+2""><b>SCANNED</b></font> copy of map",,http://maps.vlasenko.net/smtm100/h-37-073.jpg,"{'rings': [[[4007515.25736288, 3460777.11550363], [4007515.25736288, 3503565.53451451], [4063175.00275951, 3503565.53451451], [4063175.00275951, 3460777.11550363], [4007515.25736288, 3460777.11550363]]], 'spatialReference': {'wkid': 102100, 'latestWkid': 3857}}"
12,H-37-74,Yes,"<br><br><font size=""+2""><b>SCANNED</b></font> copy of map",,http://maps.vlasenko.net/smtm100/h-37-074.jpg,"{'rings': [[[4063175.00275951, 3460777.11550363], [4063175.00275951, 3503565.53451451], [4118834.74815615, 3503565.53451451], [4118834.74815615, 3460777.11550363], [4063175.00275951, 3460777.11550363]]], 'spatialReference': {'wkid': 102100, 'latestWkid': 3857}}"
13,H-37-75,Yes,"<br><br><font size=""+2""><b>SCANNED</b></font> copy of map",,http://maps.vlasenko.net/smtm100/h-37-075.jpg,"{'rings': [[[4118834.74815615, 3460777.11550363], [4118834.74815615, 3503565.53451451], [4174494.49355279, 3503565.53451451], [4174494.49355279, 3460777.11550363], [4118834.74815615, 3460777.11550363]]], 'spatialReference': {'wkid': 102100, 'latestWkid': 3857}}"
14,H-37-76,no,,"<br><br><font size=""+2""><b>NO</b></font> scan available",,"{'rings': [[[4174494.49355279, 3460777.11550363], [4174494.49355279, 3503565.53451451], [4230154.23894942, 3503565.53451451], [4230154.23894942, 3460777.11550363], [4174494.49355279, 3460777.11550363]]], 'spatialReference': {'wkid': 102100, 'latestWkid': 3857}}"
15,H-36-71,Yes,"<br><br><font size=""+2""><b>SCANNED</b></font> copy of map",,http://maps.vlasenko.net/smtm100/h-36-071.jpg,"{'rings': [[[3896195.7665696, 3503565.53451451], [3896195.7665696, 3546466.47467736], [3951855.51196624, 3546466.47467736], [3951855.51196624, 3503565.53451451], [3896195.7665696, 3503565.53451451]]], 'spatialReference': {'wkid': 102100, 'latestWkid': 3857}}"
16,H-36-72,Yes,"<br><br><font size=""+2""><b>SCANNED</b></font> copy of map",,http://maps.vlasenko.net/smtm100/h-36-072.jpg,"{'rings': [[[3951855.51196624, 3503565.53451451], [3951855.51196624, 3546466.47467736], [4007515.25736288, 3546466.47467736], [4007515.25736288, 3503565.53451451], [3951855.51196624, 3503565.53451451]]], 'spatialReference': {'wkid': 102100, 'latestWkid': 3857}}"
17,H-37-61,Yes,"<br><br><font size=""+2""><b>SCANNED</b></font> copy of map",,http://maps.vlasenko.net/smtm100/h-37-061.jpg,"{'rings': [[[4007515.25736288, 3503565.53451451], [4007515.25736288, 3546466.47467736], [4063175.00275951, 3546466.47467736], [4063175.00275951, 3503565.53451451], [4007515.25736288, 3503565.53451451]]], 'spatialReference': {'wkid': 102100, 'latestWkid': 3857}}"
18,H-37-62,Yes,"<br><br><font size=""+2""><b>SCANNED</b></font> copy of map",,http://maps.vlasenko.net/smtm100/h-37-062.jpg,"{'rings': [[[4063175.00275951, 3503565.53451451], [4063175.00275951, 3546466.47467736], [4118834.74815615, 3546466.47467736], [4118834.74815615, 3503565.53451451], [4063175.00275951, 3503565.53451451]]], 'spatialReference': {'wkid': 102100, 'latestWkid': 3857}}"
19,H-37-63,Yes,"<br><br><font size=""+2""><b>SCANNED</b></font> copy of map",,http://maps.vlasenko.net/smtm100/h-37-063.jpg,"{'rings': [[[4118834.74815615, 3503565.53451451], [4118834.74815615, 3546466.47467736], [4174494.49355279, 3546466.47467736], [4174494.49355279, 3503565.53451451], [4118834.74815615, 3503565.53451451]]], 'spatialReference': {'wkid': 102100, 'latestWkid': 3857}}"
20,H-37-64,Yes,"<br><br><font size=""+2""><b>SCANNED</b></font> copy of map",,http://maps.vlasenko.net/smtm100/h-37-064.jpg,"{'rings': [[[4174494.49355279, 3503565.53451451], [4174494.49355279, 3546466.47467736], [4230154.23894942, 3546466.47467736], [4230154.23894942, 3503565.53451451], [4174494.49355279, 3503565.53451451]]], 'spatialReference': {'wkid': 102100, 'latestWkid': 3857}}"
21,H-36-59,Yes,"<br><br><font size=""+2""><b>SCANNED</b></font> copy of map",,http://maps.vlasenko.net/smtm100/h-36-059.jpg,"{'rings': [[[3896195.7665696, 3546466.47467736], [3896195.7665696, 3589537.34195273], [3951855.51196624, 3589537.34195273], [3951855.51196624, 3546466.47467736], [3896195.7665696, 3546466.47467736]]], 'spatialReference': {'wkid': 102100, 'latestWkid': 3857}}"
22,H-36-60,Yes,"<br><br><font size=""+2""><b>SCANNED</b></font> copy of map",,http://maps.vlasenko.net/smtm100/h-36-060.jpg,"{'rings': [[[3951855.51196624, 3546466.47467736], [3951855.51196624, 3589537.34195273], [4007515.25736288, 3589537.34195273], [4007515.25736288, 3546466.47467736], [3951855.51196624, 3546466.47467736]]], 'spatialReference': {'wkid': 102100, 'latestWkid': 3857}}"
23,H-37-49,Yes,"<br><br><font size=""+2""><b>SCANNED</b></font> copy of map",,http://maps.vlasenko.net/smtm100/h-37-049.jpg,"{'rings': [[[4007515.25736288, 3546466.47467736], [4007515.25736288, 3589537.34195273], [4063175.00275951, 3589537.34195273], [4063175.00275951, 3546466.47467736], [4007515.25736288, 3546466.47467736]]], 'spatialReference': {'wkid': 102100, 'latestWkid': 3857}}"
24,H-37-50,Yes,"<br><br><font size=""+2""><b>SCANNED</b></font> copy of map",,http://maps.vlasenko.net/smtm100/h-37-050.jpg,"{'rings': [[[4063175.00275951, 3546466.47467736], [4063175.00275951, 3589537.34195273], [4118834.74815615, 3589537.34195273], [4118834.74815615, 3546466.47467736], [4063175.00275951, 3546466.47467736]]], 'spatialReference': {'wkid': 102100, 'latestWkid': 3857}}"
25,H-37-51,no,,"<br><br><font size=""+2""><b>NO</b></font> scan available",,"{'rings': [[[4118834.74815615, 3546466.47467736], [4118834.74815615, 3589537.34195273], [4174494.49355279, 3589537.34195273], [4174494.49355279, 3546466.47467736], [4118834.74815615, 3546466.47467736]]], 'spatialReference': {'wkid': 102100, 'latestWkid': 3857}}"
26,H-37-52,Yes,"<br><br><font size=""+2""><b>SCANNED</b></font> copy of map",,http://maps.vlasenko.net/smtm100/h-37-052.jpg,"{'rings': [[[4174494.49355279, 3546466.47467736], [4174494.49355279, 3589537.34195273], [4230154.23894942, 3589537.34195273], [4230154.23894942, 3546466.47467736], [4174494.49355279, 3546466.47467736]]], 'spatialReference': {'wkid': 102100, 'latestWkid': 3857}}"
27,H-37-53,no,,"<br><br><font size=""+2""><b>NO</b></font> scan available",,"{'rings': [[[4230154.23894942, 3546466.47467736], [4230154.23894942, 3589537.34195273], [4285813.98434606, 3589537.34195273], [4285813.98434606, 3546466.47467736], [4230154.23894942, 3546466.47467736]]], 'spatialReference': {'wkid': 102100, 'latestWkid': 3857}}"
28,H-36-47,Yes,"<br><br><font size=""+2""><b>SCANNED</b></font> copy of map",,http://maps.vlasenko.net/smtm100/h-36-047.jpg,"{'rings': [[[3896195.7665696, 3589537.34195273], [3896195.7665696, 3632764.99654835], [3951855.51196624, 3632764.99654835], [3951855.51196624, 3589537.34195273], [3896195.7665696, 3589537.34195273]]], 'spatialReference': {'wkid': 102100, 'latestWkid': 3857}}"
29,H-36-48,Yes,"<br><br><font size=""+2""><b>SCANNED</b></font> copy of map",,http://maps.vlasenko.net/smtm100/h-36-048.jpg,"{'rings': [[[3951855.51196624, 3589537.34195273], [3951855.51196624, 3632764.99654835], [4007515.25736288, 3632764.99654835], [4007515.25736288, 3589537.34195273], [3951855.51196624, 3589537.34195273]]], 'spatialReference': {'wkid': 102100, 'latestWkid': 3857}}"
30,H-37-37,Yes,"<br><br><font size=""+2""><b>SCANNED</b></font> copy of map",,http://maps.vlasenko.net/smtm100/h-37-037.jpg,"{'rings': [[[4007515.25736288, 3589537.34195273], [4007515.25736288, 3632764.99654835], [4063175.00275951, 3632764.99654835], [4063175.00275951, 3589537.34195273], [4007515.25736288, 3589537.34195273]]], 'spatialReference': {'wkid': 102100, 'latestWkid': 3857}}"
31,H-37-38,Yes,"<br><br><font size=""+2""><b>SCANNED</b></font> copy of map",,http://maps.vlasenko.net/smtm100/h-37-038.jpg,"{'rings': [[[4063175.00275951, 3589537.34195273], [4063175.00275951, 3632764.99654835], [4118834.74815615, 3632764.99654835], [4118834.74815615, 3589537.34195273], [4063175.00275951, 3589537.34195273]]], 'spatialReference': {'wkid': 102100, 'latestWkid': 3857}}"
32,H-37-39,Yes,"<br><br><font size=""+2""><b>SCANNED</b></font> copy of map",,http://maps.vlasenko.net/smtm100/h-37-039.jpg,"{'rings': [[[4118834.74815615, 3589537.34195273], [4118834.74815615, 3632764.99654835], [4174494.49355279, 3632764.99654835], [4174494.49355279, 3589537.34195273], [4118834.74815615, 3589537.34195273]]], 'spatialReference': {'wkid': 102100, 'latestWkid': 3857}}"
33,H-37-40,Yes,"<br><br><font size=""+2""><b>SCANNED</b></font> copy of map",,http://maps.vlasenko.net/smtm100/h-37-040.jpg,"{'rings': [[[4174494.49355279, 3589537.34195273], [4174494.49355279, 3632764.99654835], [4230154.23894942, 3632764.99654835], [4230154.23894942, 3589537.34195273], [4174494.49355279, 3589537.34195273]]], 'spatialReference': {'wkid': 102100, 'latestWkid': 3857}}"
34,H-36-35,Yes,"<br><br><font size=""+2""><b>SCANNED</b></font> copy of map",,http://maps.vlasenko.net/smtm100/h-36-035.jpg,"{'rings': [[[3896195.7665696, 3632764.99654835], [3896195.7665696, 3676112.25563306], [3951855.51196624, 3676112.25563306], [3951855.51196624, 3632764.99654835], [3896195.7665696, 3632764.99654835]]], 'spatialReference': {'wkid': 102100, 'latestWkid': 3857}}"
35,H-36-36,Yes,"<br><br><font size=""+2""><b>SCANNED</b></font> copy of map",,http://maps.vlasenko.net/smtm100/h-36-036.jpg,"{'rings': [[[3951855.51196624, 3632764.99654835], [3951855.51196624, 3676112.25563306], [4007515.25736288, 3676112.25563306], [4007515.25736288, 3632764.99654835], [3951855.51196624, 3632764.99654835]]], 'spatialReference': {'wkid': 102100, 'latestWkid': 3857}}"
36,H-37-25,Yes,"<br><br><font size=""+2""><b>SCANNED</b></font> copy of map",,http://maps.vlasenko.net/smtm100/h-37-025.jpg,"{'rings': [[[4007515.25736288, 3632764.99654835], [4007515.25736288, 3676112.25563306], [4063175.00275951, 3676112.25563306], [4063175.00275951, 3632764.99654835], [4007515.25736288, 3632764.99654835]]], 'spatialReference': {'wkid': 102100, 'latestWkid': 3857}}"
37,H-37-26,Yes,"<br><br><font size=""+2""><b>SCANNED</b></font> copy of map",,http://maps.vlasenko.net/smtm100/h-37-026.jpg,"{'rings': [[[4063175.00275951, 3632764.99654835], [4063175.00275951, 3676112.25563306], [4118834.74815615, 3676112.25563306], [4118834.74815615, 3632764.99654835], [4063175.00275951, 3632764.99654835]]], 'spatialReference': {'wkid': 102100, 'latestWkid': 3857}}"
38,H-37-27,Yes,"<br><br><font size=""+2""><b>SCANNED</b></font> copy of map",,http://maps.vlasenko.net/smtm100/h-37-027.jpg,"{'rings': [[[4118834.74815615, 3632764.99654835], [4118834.74815615, 3676112.25563306], [4174494.49355279, 3676112.25563306], [4174494.49355279, 3632764.99654835], [4118834.74815615, 3632764.99654835]]], 'spatialReference': {'wkid': 102100, 'latestWkid': 3857}}"
39,H-37-28,no,,"<br><br><font size=""+2""><b>NO</b></font> scan available",,"{'rings': [[[4174494.49355279, 3632764.99654835], [4174494.49355279, 3676112.25563306], [4230154.23894942, 3676112.25563306], [4230154.23894942, 3632764.99654835], [4174494.49355279, 3632764.99654835]]], 'spatialReference': {'wkid': 102100, 'latestWkid': 3857}}"
40,H-36-22,no,,"<br><br><font size=""+2""><b>NO</b></font> scan available",,"{'rings': [[[3840536.02117297, 3676112.25563306], [3840536.02117297, 3719637.20290941], [3896195.7665696, 3719637.20290941], [3896195.7665696, 3676112.25563306], [3840536.02117297, 3676112.25563306]]], 'spatialReference': {'wkid': 102100, 'latestWkid': 3857}}"
41,H-36-23,Yes,"<br><br><font size=""+2""><b>SCANNED</b></font> copy of map",,http://maps.vlasenko.net/smtm100/h-36-023.jpg,"{'rings': [[[3896195.7665696, 3676112.25563306], [3896195.7665696, 3719637.20290941], [3951855.51196624, 3719637.20290941], [3951855.51196624, 3676112.25563306], [3896195.7665696, 3676112.25563306]]], 'spatialReference': {'wkid': 102100, 'latestWkid': 3857}}"
42,H-36-24,Yes,"<br><br><font size=""+2""><b>SCANNED</b></font> copy of map",,http://maps.vlasenko.net/smtm100/h-36-024.jpg,"{'rings': [[[3951855.51196624, 3676112.25563306], [3951855.51196624, 3719637.20290941], [4007515.25736288, 3719637.20290941], [4007515.25736288, 3676112.25563306], [3951855.51196624, 3676112.25563306]]], 'spatialReference': {'wkid': 102100, 'latestWkid': 3857}}"
43,H-37-13,Yes,"<br><br><font size=""+2""><b>SCANNED</b></font> copy of map",,http://maps.vlasenko.net/smtm100/h-37-013.jpg,"{'rings': [[[4007515.25736288, 3676112.25563306], [4007515.25736288, 3719637.20290941], [4063175.00275951, 3719637.20290941], [4063175.00275951, 3676112.25563306], [4007515.25736288, 3676112.25563306]]], 'spatialReference': {'wkid': 102100, 'latestWkid': 3857}}"
44,H-37-14,Yes,"<br><br><font size=""+2""><b>SCANNED</b></font> copy of map",,http://maps.vlasenko.net/smtm100/h-37-014.jpg,"{'rings': [[[4063175.00275951, 3676112.25563306], [4063175.00275951, 3719637.20290941], [4118834.74815615, 3719637.20290941], [4118834.74815615, 3676112.25563306], [4063175.00275951, 3676112.25563306]]], 'spatialReference': {'wkid': 102100, 'latestWkid': 3857}}"
45,H-37-15,Yes,"<br><br><font size=""+2""><b>SCANNED</b></font> copy of map",,http://maps.vlasenko.net/smtm100/h-37-015.jpg,"{'rings': [[[4118834.74815615, 3676112.25563306], [4118834.74815615, 3719637.20290941], [4174494.49355279, 3719637.20290941], [4174494.49355279, 3676112.25563306], [4118834.74815615, 3676112.25563306]]], 'spatialReference': {'wkid': 102100, 'latestWkid': 3857}}"
46,H-37-16,Yes,"<br><br><font size=""+2""><b>SCANNED</b></font> copy of map",,http://maps.vlasenko.net/smtm100/h-37-016.jpg,"{'rings': [[[4174494.49355279, 3676112.25563306], [4174494.49355279, 3719637.20290941], [4230154.23894942, 3719637.20290941], [4230154.23894942, 3676112.25563306], [4174494.49355279, 3676112.25563306]]], 'spatialReference': {'wkid': 102100, 'latestWkid': 3857}}"
47,H-36-10,no,,"<br><br><font size=""+2""><b>NO</b></font> scan available",,"{'rings': [[[3840536.02117297, 3719637.20290941], [3840536.02117297, 3763326.65078074], [3896195.7665696, 3763326.65078074], [3896195.7665696, 3719637.20290941], [3840536.02117297, 3719637.20290941]]], 'spatialReference': {'wkid': 102100, 'latestWkid': 3857}}"
48,H-36-11,no,,"<br><br><font size=""+2""><b>NO</b></font> scan available",,"{'rings': [[[3896195.7665696, 3719637.20290941], [3896195.7665696, 3763326.65078074], [3951855.51196624, 3763326.65078074], [3951855.51196624, 3719637.20290941], [3896195.7665696, 3719637.20290941]]], 'spatialReference': {'wkid': 102100, 'latestWkid': 3857}}"
49,H-36-12,Yes,"<br><br><font size=""+2""><b>SCANNED</b></font> copy of map",,http://maps.vlasenko.net/smtm100/h-36-012.jpg,"{'rings': [[[3951855.51196624, 3719637.20290941], [3951855.51196624, 3763326.65078074], [4007515.25736288, 3763326.65078074], [4007515.25736288, 3719637.20290941], [3951855.51196624, 3719637.20290941]]], 'spatialReference': {'wkid': 102100, 'latestWkid': 3857}}"
50,H-37-1,Yes,"<br><br><font size=""+2""><b>SCANNED</b></font> copy of map",,http://maps.vlasenko.net/smtm100/h-37-001.jpg,"{'rings': [[[4007515.25736288, 3719637.20290941], [4007515.25736288, 3763326.65078074], [4063175.00275951, 3763326.65078074], [4063175.00275951, 3719637.20290941], [4007515.25736288, 3719637.20290941]]], 'spatialReference': {'wkid': 102100, 'latestWkid': 3857}}"
51,H-37-2,Yes,"<br><br><font size=""+2""><b>SCANNED</b></font> copy of map",,http://maps.vlasenko.net/smtm100/h-37-002.jpg,"{'rings': [[[4063175.00275951, 3719637.20290941], [4063175.00275951, 3763326.65078074], [4118834.74815615, 3763326.65078074], [4118834.74815615, 3719637.20290941], [4063175.00275951, 3719637.20290941]]], 'spatialReference': {'wkid': 102100, 'latestWkid': 3857}}"
52,H-37-3,Yes,"<br><br><font size=""+2""><b>SCANNED</b></font> copy of map",,http://maps.vlasenko.net/smtm100/h-37-003.jpg,"{'rings': [[[4118834.74815615, 3719637.20290941], [4118834.74815615, 3763326.65078074], [4174494.49355279, 3763326.65078074], [4174494.49355279, 3719637.20290941], [4118834.74815615, 3719637.20290941]]], 'spatialReference': {'wkid': 102100, 'latestWkid': 3857}}"
53,H-37-4,Yes,"<br><br><font size=""+2""><b>SCANNED</b></font> copy of map",,http://maps.vlasenko.net/smtm100/h-37-004.jpg,"{'rings': [[[4174494.49355279, 3719637.20290941], [4174494.49355279, 3763326.65078074], [4230154.23894942, 3763326.65078074], [4230154.23894942, 3719637.20290941], [4174494.49355279, 3719637.20290941]]], 'spatialReference': {'wkid': 102100, 'latestWkid': 3857}}"
54,H-37-5,Yes,"<br><br><font size=""+2""><b>SCANNED</b></font> copy of map",,http://maps.vlasenko.net/smtm100/h-37-005.jpg,"{'rings': [[[4230154.23894942, 3719637.20290941], [4230154.23894942, 3763326.65078074], [4285813.98434606, 3763326.65078074], [4285813.98434606, 3719637.20290941], [4230154.23894942, 3719637.20290941]]], 'spatialReference': {'wkid': 102100, 'latestWkid': 3857}}"
55,H-37-6,Yes,"<br><br><font size=""+2""><b>SCANNED</b></font> copy of map",,http://maps.vlasenko.net/smtm100/h-37-006.jpg,"{'rings': [[[4285813.98434606, 3719637.20290941], [4285813.98434606, 3763326.65078074], [4341473.7297427, 3763326.65078074], [4341473.7297427, 3719637.20290941], [4285813.98434606, 3719637.20290941]]], 'spatialReference': {'wkid': 102100, 'latestWkid': 3857}}"
56,H-37-7,no,,"<br><br><font size=""+2""><b>NO</b></font> scan available",,"{'rings': [[[4341473.7297427, 3719637.20290941], [4341473.7297427, 3763326.65078074], [4397133.47513933, 3763326.65078074], [4397133.47513933, 3719637.20290941], [4341473.7297427, 3719637.20290941]]], 'spatialReference': {'wkid': 102100, 'latestWkid': 3857}}"
57,I-36-142,Yes,"<br><br><font size=""+2""><b>SCANNED</b></font> copy of map",,http://maps.vlasenko.net/smtm100/i-36-142.jpg,"{'rings': [[[3840536.02117297, 3763326.65078074], [3840536.02117297, 3807143.10032295], [3896195.7665696, 3807143.10032295], [3896195.7665696, 3763326.65078074], [3840536.02117297, 3763326.65078074]]], 'spatialReference': {'wkid': 102100, 'latestWkid': 3857}}"
58,I-36-143,Yes,"<br><br><font size=""+2""><b>SCANNED</b></font> copy of map",,http://maps.vlasenko.net/smtm100/i-36-143.jpg,"{'rings': [[[3896195.7665696, 3763326.65078074], [3896195.7665696, 3807143.10032295], [3951855.51196624, 3807143.10032295], [3951855.51196624, 3763326.65078074], [3896195.7665696, 3763326.65078074]]], 'spatialReference': {'wkid': 102100, 'latestWkid': 3857}}"
59,I-36-144,Yes,"<br><br><font size=""+2""><b>SCANNED</b></font> copy of map",,http://maps.vlasenko.net/smtm100/i-36-144.jpg,"{'rings': [[[3951855.51196624, 3763326.65078074], [3951855.51196624, 3807143.10032295], [4007515.25736288, 3807143.10032295], [4007515.25736288, 3763326.65078074], [3951855.51196624, 3763326.65078074]]], 'spatialReference': {'wkid': 102100, 'latestWkid': 3857}}"
60,I-37-133,Yes,"<br><br><font size=""+2""><b>SCANNED</b></font> copy of map",,http://maps.vlasenko.net/smtm100/i-37-133.jpg,"{'rings': [[[4007515.25736288, 3763326.65078074], [4007515.25736288, 3807143.10032295], [4063175.00275951, 3807143.10032295], [4063175.00275951, 3763326.65078074], [4007515.25736288, 3763326.65078074]]], 'spatialReference': {'wkid': 102100, 'latestWkid': 3857}}"
61,I-37-134,Yes,"<br><br><font size=""+2""><b>SCANNED</b></font> copy of map",,http://maps.vlasenko.net/smtm100/i-37-134.jpg,"{'rings': [[[4063175.00275951, 3763326.65078074], [4063175.00275951, 3807143.10032295], [4118834.74815615, 3807143.10032295], [4118834.74815615, 3763326.65078074], [4063175.00275951, 3763326.65078074]]], 'spatialReference': {'wkid': 102100, 'latestWkid': 3857}}"
62,I-37-135,Yes,"<br><br><font size=""+2""><b>SCANNED</b></font> copy of map",,http://maps.vlasenko.net/smtm100/i-37-135.jpg,"{'rings': [[[4118834.74815615, 3763326.65078074], [4118834.74815615, 3807143.10032295], [4174494.49355279, 3807143.10032295], [4174494.49355279, 3763326.65078074], [4118834.74815615, 3763326.65078074]]], 'spatialReference': {'wkid': 102100, 'latestWkid': 3857}}"
63,I-37-136,Yes,"<br><br><font size=""+2""><b>SCANNED</b></font> copy of map",,http://maps.vlasenko.net/smtm100/i-37-136.jpg,"{'rings': [[[4174494.49355279, 3763326.65078074], [4174494.49355279, 3807143.10032295], [4230154.23894942, 3807143.10032295], [4230154.23894942, 3763326.65078074], [4174494.49355279, 3763326.65078074]]], 'spatialReference': {'wkid': 102100, 'latestWkid': 3857}}"
64,I-37-137,Yes,"<br><br><font size=""+2""><b>SCANNED</b></font> copy of map",,http://maps.vlasenko.net/smtm100/i-37-137.jpg,"{'rings': [[[4230154.23894942, 3763326.65078074], [4230154.23894942, 3807143.10032295], [4285813.98434606, 3807143.10032295], [4285813.98434606, 3763326.65078074], [4230154.23894942, 3763326.65078074]]], 'spatialReference': {'wkid': 102100, 'latestWkid': 3857}}"
65,I-37-138,Yes,"<br><br><font size=""+2""><b>SCANNED</b></font> copy of map",,http://maps.vlasenko.net/smtm100/i-37-138.jpg,"{'rings': [[[4285813.98434606, 3763326.65078074], [4285813.98434606, 3807143.10032295], [4341473.7297427, 3807143.10032295], [4341473.7297427, 3763326.65078074], [4285813.98434606, 3763326.65078074]]], 'spatialReference': {'wkid': 102100, 'latestWkid': 3857}}"
66,I-37-139,Yes,"<br><br><font size=""+2""><b>SCANNED</b></font> copy of map",,http://maps.vlasenko.net/smtm100/i-37-139.jpg,"{'rings': [[[4341473.7297427, 3763326.65078074], [4341473.7297427, 3807143.10032295], [4397133.47513933, 3807143.10032295], [4397133.47513933, 3763326.65078074], [4341473.7297427, 3763326.65078074]]], 'spatialReference': {'wkid': 102100, 'latestWkid': 3857}}"
67,I-36-131,Yes,"<br><br><font size=""+2""><b>SCANNED</b></font> copy of map",,http://maps.vlasenko.net/smtm100/i-36-131.jpg,"{'rings': [[[3896195.7665696, 3807143.10032295], [3896195.7665696, 3851145.35047545], [3951855.51196624, 3851145.35047545], [3951855.51196624, 3807143.10032295], [3896195.7665696, 3807143.10032295]]], 'spatialReference': {'wkid': 102100, 'latestWkid': 3857}}"
68,I-36-132,Yes,"<br><br><font size=""+2""><b>SCANNED</b></font> copy of map",,http://maps.vlasenko.net/smtm100/i-36-132.jpg,"{'rings': [[[3951855.51196624, 3807143.10032295], [3951855.51196624, 3851145.35047545], [4007515.25736288, 3851145.35047545], [4007515.25736288, 3807143.10032295], [3951855.51196624, 3807143.10032295]]], 'spatialReference': {'wkid': 102100, 'latestWkid': 3857}}"
69,I-37-121,Yes,"<br><br><font size=""+2""><b>SCANNED</b></font> copy of map",,http://maps.vlasenko.net/smtm100/i-37-121.jpg,"{'rings': [[[4007515.25736288, 3807143.10032295], [4007515.25736288, 3851145.35047545], [4063175.00275951, 3851145.35047545], [4063175.00275951, 3807143.10032295], [4007515.25736288, 3807143.10032295]]], 'spatialReference': {'wkid': 102100, 'latestWkid': 3857}}"
70,I-37-122,Yes,"<br><br><font size=""+2""><b>SCANNED</b></font> copy of map",,http://maps.vlasenko.net/smtm100/i-37-122.jpg,"{'rings': [[[4063175.00275951, 3807143.10032295], [4063175.00275951, 3851145.35047545], [4118834.74815615, 3851145.35047545], [4118834.74815615, 3807143.10032295], [4063175.00275951, 3807143.10032295]]], 'spatialReference': {'wkid': 102100, 'latestWkid': 3857}}"
71,I-37-123,Yes,"<br><br><font size=""+2""><b>SCANNED</b></font> copy of map",,http://maps.vlasenko.net/smtm100/i-37-123.jpg,"{'rings': [[[4118834.74815615, 3807143.10032295], [4118834.74815615, 3851145.35047545], [4174494.49355279, 3851145.35047545], [4174494.49355279, 3807143.10032295], [4118834.74815615, 3807143.10032295]]], 'spatialReference': {'wkid': 102100, 'latestWkid': 3857}}"
72,I-37-124,Yes,"<br><br><font size=""+2""><b>SCANNED</b></font> copy of map",,http://maps.vlasenko.net/smtm100/i-37-124.jpg,"{'rings': [[[4174494.49355279, 3807143.10032295], [4174494.49355279, 3851145.35047545], [4230154.23894942, 3851145.35047545], [4230154.23894942, 3807143.10032295], [4174494.49355279, 3807143.10032295]]], 'spatialReference': {'wkid': 102100, 'latestWkid': 3857}}"
73,I-37-125,Yes,"<br><br><font size=""+2""><b>SCANNED</b></font> copy of map",,http://maps.vlasenko.net/smtm100/i-37-125.jpg,"{'rings': [[[4230154.23894942, 3807143.10032295], [4230154.23894942, 3851145.35047545], [4285813.98434606, 3851145.35047545], [4285813.98434606, 3807143.10032295], [4230154.23894942, 3807143.10032295]]], 'spatialReference': {'wkid': 102100, 'latestWkid': 3857}}"
74,I-37-126,Yes,"<br><br><font size=""+2""><b>SCANNED</b></font> copy of map",,http://maps.vlasenko.net/smtm100/i-37-126.jpg,"{'rings': [[[4285813.98434606, 3807143.10032295], [4285813.98434606, 3851145.35047545], [4341473.7297427, 3851145.35047545], [4341473.7297427, 3807143.10032295], [4285813.98434606, 3807143.10032295]]], 'spatialReference': {'wkid': 102100, 'latestWkid': 3857}}"
75,I-37-127,Yes,"<br><br><font size=""+2""><b>SCANNED</b></font> copy of map",,http://maps.vlasenko.net/smtm100/i-37-127.jpg,"{'rings': [[[4341473.7297427, 3807143.10032295], [4341473.7297427, 3851145.35047545], [4397133.47513933, 3851145.35047545], [4397133.47513933, 3807143.10032295], [4341473.7297427, 3807143.10032295]]], 'spatialReference': {'wkid': 102100, 'latestWkid': 3857}}"
76,I-36-120,Yes,"<br><br><font size=""+2""><b>SCANNED</b></font> copy of map",,http://maps.vlasenko.net/smtm100/i-36-120.jpg,"{'rings': [[[3951855.51196624, 3851145.35047545], [3951855.51196624, 3895320.16619741], [4007515.25736288, 3895320.16619741], [4007515.25736288, 3851145.35047545], [3951855.51196624, 3851145.35047545]]], 'spatialReference': {'wkid': 102100, 'latestWkid': 3857}}"
77,I-37-111,Yes,"<br><br><font size=""+2""><b>SCANNED</b></font> copy of map",,http://maps.vlasenko.net/smtm100/i-37-111.jpg,"{'rings': [[[4118834.74815615, 3851145.35047545], [4118834.74815615, 3895320.16619741], [4174494.49355279, 3895320.16619741], [4174494.49355279, 3851145.35047545], [4118834.74815615, 3851145.35047545]]], 'spatialReference': {'wkid': 102100, 'latestWkid': 3857}}"
78,I-37-112,Yes,"<br><br><font size=""+2""><b>SCANNED</b></font> copy of map",,http://maps.vlasenko.net/smtm100/i-37-112.jpg,"{'rings': [[[4174494.49355279, 3851145.35047545], [4174494.49355279, 3895320.16619741], [4230154.23894942, 3895320.16619741], [4230154.23894942, 3851145.35047545], [4174494.49355279, 3851145.35047545]]], 'spatialReference': {'wkid': 102100, 'latestWkid': 3857}}"
79,I-37-113,Yes,"<br><br><font size=""+2""><b>SCANNED</b></font> copy of map",,http://maps.vlasenko.net/smtm100/i-37-113.jpg,"{'rings': [[[4230154.23894942, 3851145.35047545], [4230154.23894942, 3895320.16619741], [4285813.98434606, 3895320.16619741], [4285813.98434606, 3851145.35047545], [4230154.23894942, 3851145.35047545]]], 'spatialReference': {'wkid': 102100, 'latestWkid': 3857}}"
80,I-37-114,Yes,"<br><br><font size=""+2""><b>SCANNED</b></font> copy of map",,http://maps.vlasenko.net/smtm100/i-37-114.jpg,"{'rings': [[[4285813.98434606, 3851145.35047545], [4285813.98434606, 3895320.16619741], [4341473.7297427, 3895320.16619741], [4341473.7297427, 3851145.35047545], [4285813.98434606, 3851145.35047545]]], 'spatialReference': {'wkid': 102100, 'latestWkid': 3857}}"
81,I-37-115,Yes,"<br><br><font size=""+2""><b>SCANNED</b></font> copy of map",,http://maps.vlasenko.net/smtm100/i-37-115.jpg,"{'rings': [[[4341473.7297427, 3851145.35047545], [4341473.7297427, 3895320.16619741], [4397133.47513933, 3895320.16619741], [4397133.47513933, 3851145.35047545], [4341473.7297427, 3851145.35047545]]], 'spatialReference': {'wkid': 102100, 'latestWkid': 3857}}"
82,I-37-101,Yes,"<br><br><font size=""+2""><b>SCANNED</b></font> copy of map",,http://maps.vlasenko.net/smtm100/i-37-101.jpg,"{'rings': [[[4230154.23894942, 3895320.16619741], [4230154.23894942, 3939629.71932909], [4285813.98434606, 3939629.71932909], [4285813.98434606, 3895320.16619741], [4230154.23894942, 3895320.16619741]]], 'spatialReference': {'wkid': 102100, 'latestWkid': 3857}}"
83,I-37-102,Yes,"<br><br><font size=""+2""><b>SCANNED</b></font> copy of map",,http://maps.vlasenko.net/smtm100/i-37-102.jpg,"{'rings': [[[4285813.98434606, 3895320.16619741], [4285813.98434606, 3939629.71932909], [4341473.7297427, 3939629.71932909], [4341473.7297427, 3895320.16619741], [4285813.98434606, 3895320.16619741]]], 'spatialReference': {'wkid': 102100, 'latestWkid': 3857}}"
84,I-37-90,Yes,"<br><br><font size=""+2""><b>SCANNED</b></font> copy of map",,http://maps.vlasenko.net/smtm100/i-37-090.jpg,"{'rings': [[[4285813.98434606, 3939629.71932909], [4285813.98434606, 3984133.56358204], [4341473.7297427, 3984133.56358204], [4341473.7297427, 3939629.71932909], [4285813.98434606, 3939629.71932909]]], 'spatialReference': {'wkid': 102100, 'latestWkid': 3857}}"
